Column1;Column2
a;a
ablo;jabło
ablonь;jabłoń
ablъko;jabłko
ačь;acz
aduxa;jaducha
agnę;jagnię
agnętina;jagnięcina
agniti;jagnić
agoda;jagoda
aje;jaje
ajьce;jajce
ajьčьnica;jajecznica
ajьčьnъ;jajeczny
ajьko;jajko
ajьnъ;jajny
akъ;ak
ale;ale
aľь;al
ano;ano
arębina;jarzębina
arębъ;jarząb
arьmo;jarzmo
ařь;arz
asenь;jesion
astrębъ;jastrząb
aščerica;jaszczerzyca
aščerъ;jaszczur
aščerъka;jaszczurka
atъ;aty
aviti;jawić
avьnъ;jawny
avorъ;jawor
azь;jaź
ba;ba
baba;baba
ęga;jaga
babonъ;zabobon
babrati;babrać
babъka;babka
badati;badać
bagati;zabagać
bagno;bagno
bajati;bajać
bajьka;bajka
bakati;bakać
balъka;bałka
baňa;bania
bara;bary
baranъ;baran
basnь;baśń
batogъ;batog
batъ;bat
baviti;bawić
bažiti;bażyć
bedrьnьcь;biedrzeniec
bedro;biodro
belenъ;bieluń
bergъ;brzeg
bermę;brzemię
berstъ;brzost
berza;brzoza
besěda;biesiada
besědovati;biesiadować
bez;bez
bezbordъ;bezbrody
bezdětьnъ;bezdzietny
bezdušьnъ;bezduszny
bezdъna;bezdna
bezimenьnъ;bezimienny
běda;bieda
běditi;biedzić
bědьnъ;biedny
běgati;biegać
běglъ;biegły
běgъ;bieg
běkati;bekać
bělěti;bieleć
bělica;bielica
bělidlo;bielidło
běliti;bielić
bělь;biel
bělьmo;bielmo
bělonogъ;białonogi
bělověža;białowieża
bělovolsъ;białowłosy
bělъ;biały
bělъka;białka
bělъkъ;białko
běsiti;biesić
běsъ;bies
běťi;biec
běžati;bieżeć
bičevati;biczować
bičь;bicz
bidlo;bidło
biti;bić
bitva;bitwa
bьčela;pszczoła
bьltati;bełtać
bьrati;brać
bьrdo;bardo
bьrgъ;barg
bьrgъlězъ;bargiel
bьrlogъ;barłóg
blazniti;błaźnić
blaznъ;błazen
blekotъ;blekot
blědostь;bladość
blědъ;blady
blěskъ;blask
blędati;blańdać
blęsti;blęść
blizьnьcь;bliźniak
blizna;blizna
blizъ;blizo
blizъkъ;bliski
blьknǫti;blaknąć
blьsknǫti;błysnąć
blьščati;błyszczeć
blǫditi;błądzić
blǫdьnъ;błędny
blǫdъ;błąd
blъxa;pchła
bľьvati;blwać
bľuščь;bluszcz
bľuzgati;bluzgać
bo;bo
bobrъ;bóbr
bobъ;bób
bogačь;bogacz
bogatьstvo;bogactwo
bogatъ;bogaty
bogodanъ;bogodan
bogъ;bóg
bogъdanъ;bogdan
bogyni;bogini
bojati;bać
bojaznь;bojaźń
bojevati;bojować
bojevъ;bojowy
bojь;bój
bojьnъ;bojny
bokъ;bok
bolěti;boleć
bolgo;błogo
bolь;ból
bolna;błona
bolnьje;błonie
boltina;błocina
bolto;błoto
borda;broda
bordačь;brodacz
bordatъ;brodaty
bordavъka;brodawka
borgъ;bróg
boriti;burzyć
borna;brona
borniti;bronić
bornь;broń
borsky;brzoskiew
borti;bróć
borъ;bór
borvъ;browek
borzda;bruzda
bosonogъ;bosonogi
bosti;bóść
bosъ;bosy
botьjanъ;bocian
božiťь;bożyc
bǫbьniti;bębnić
bǫbьnъ;bęben
bǫkъ;bąk
braga;braha
bratьcь;braciec
bratьskъ;bracki
bratrьja;bracia
bratrьstvo;braterstwo
bratrъ;brat
brediti;bredzić
brěskъ;brzask
brězgъ;brzazg
bręčati;brzęczeć
bręknǫti;brzęknąć
bridъkъ;brzydki
brinъ;brzyn
britva;brzytwa
brьvьno;bierzwionko
broditi;brodzić
brodъ;bród
brojiti;broić
bronъ;brony
broščь;brocz
brudъ;brud
brusiti;brusić
brusьnica;brusznica
brusъ;brus
brъkati;brykać
bry;brew
bryzgati;bryzgać
břuxo;brzuch
bučati;buczeć
buditi;budzić
bujati;bujać
bujьnъ;bujny
bukъ;buk
bukъvica;bukwica
buřa;burza
buza;buzia
bъčьka;beczka
bъděti;bdzieć
bъdigostь;bydgoszcz
bъrkati;barkać
bъrkъ;bark
bъrščь;barszcz
bъrtь;barć
bъrъ;ber
bъrzъ;bardzo
bъzikati;bzykać
bъzъ;bez
byčati;byczeć
bydlo;bydło
bykъ;byk
bylьje;byle
bystrъ;bystry
byti;być
byvati;bywać
byvolъ;bawół
capati;capać
cěditi;cedzić
cěliti;celić
cělovati;całować
cělъ;cały
cěna;cena
cěniti;cenić
cěpъ;cep
cěsařь;cesarz
cěva;cewa
cěvь;cew
cęta;cętka
cicati;cycać
cicь;cyc
cьrky;cerkiew
čadъ;czad
čajьka;czajka
čakati;czekać
čapati;сzарać
čapľa;czapla
čara;czara
čarodějь;czarodziej
čarovati;czarować
čarъ;czar
časъ;czas
čaša;czasza
čekati;czekać
čelnъ;człon
čelo;czoło
čelověkъ;człowiek
čeľadь;czeladź
čeľustь;czeluść
čemerъ;czemier
čepьcь;czepiec
čepъ;czop
čerda;trzoda
čermъša;trzemucha
černъ;trzon
čerpъ;trzop
čerslo;trzosła
čersъ;trzos
čeršьňa;trześnia
červьjь;trzewik
červo;trzewo
česati;czesać
česnikъ;cześnik
česnъkъ;czosnek
češuja;szczeżuja
četa;czata
četvьrtъ;czwarty
četvьrtъkъ;czwartek
četyre;cztery
čexъlъ;czecheł
čeznǫti;czeznąć
čędo;czędo
čęstь;część
čęstъ;częsty
čęsťьjь;częściej
či;czy
činiti;czynić
činъ;czyn
čislo;czysło
čisti;czyść
čistiti;czyścić
čistostь;czystość
čistъ;czysty
čitati;czytać
čižь;czyż
čь;cz
čьbanъ;dzban
čьbьrъ;ceber
čьjь;czyj
čьlnъ;czółno
čьmeľь;trzmiel
čьrmьnъ;czermny
čьrnobylь;czarnobyl
čьrnъ;czarny
čьrpati;czerpać
čьrstvъ;czerstwy
čьrtъ;czart
čьrvenъ;czerwony
čьrvь;czerw
čьstiti;czcić
čьstь;cześć
čьstьnota;cnota
čьstьnъ;czestny
čьto;co
čǫbьrъ;cząber
čubъ;czub
čudo;cudo
čupъ;czup
čuti;czuć
čuxъ;czuch
da;da
daďьbogъ;dadźbóg
dajati;dajać
dalekъ;daleki
dalь;dal
danь;dań
darovati;darować
darъ;dar
dati;dać
davati;dawać
daviti;dławić
davьnъ;dawny
degъtь;dziegieć
derti;drzeć
dervo;drzewo
desętь;dziesięć
desętъ;dziesiąty
devęsilъ;dziewięćsił
devętь;dziewięć
devętъ;dziewiąty
dědъ;dziad
děgati;dziagać
dělati;działać
děliti;dzielić
dělo;działo
dělъ;dział
děľa;dla
dětę;dziecię
děti;dziać
děva;dziewa
děverь;dziewierz
děvica;dziewica
děža;dzieża
dęgľь;dzięgiel
dęsna;dziąsło
dętelina;dzięcielina
dętelъ;dzięcioł
di;dzi
dikъ;dziki
diviti;dziwić
divizna;dziewanna
divьnъ;dziwny
divo;dziwo
divъ;dziw
diža;dziża
dьbrь;debrza
dьgna;dzięgna
dьgnǫti;dziagnąć
dьlbiti;dłubać
dьlgъ;długi
dьněti;dnieć
dьnь;dzień
dьnьsь;dziś
dьraka;draka
dьrati;drać
dьrgati;dziergać
dьrnǫti;dzierzgnąć
dьrnъ;darń
dьrvьňa;derewnia
dьrznǫti;darznąć
dьrzъkъ;dziarski
dьržati;dzierżyć
dьržava;dzierżawa
dlo;dło
do;do
doba;doba
dobrota;dobrota
dobrъ;dobry
dobyťa;zdobycz
dojiti;doić
dolina;dolina
dolnь;dłoń
dolto;dłuto
dolъ;dół
doľa;dola
domъ;dom
dorga;droga
dorgъ;drogi
dǫbrava;dąbrowa
dǫbъ;dąb
dǫga;dęga
dǫti;dąć
drabъ;drab
drapati;drapać
draska;draska
drazniti;drażnić
drevьnъ;drzewiej
drěmati;drzemać
drězga;drzazga
dręzga;drzęzg
dristati;drystać
drobězgъ;drobiazg
drobiti;drobić
drobь;drób
drobьnъ;drobny
dročiti;droczyć
drokъ;drok
drozdъ;drozd
droždža;drożdże
drǫčiti;dręczyć
drǫgъ;drąg
drugъ;drugi
družina;drużyna
družьba;drużba
drъgati;drgać
drъva;drwa
drъvo;drwo
drъžati;drżeć
drъžь;dreszcz
dubati;dziubać
duma;duma
dumati;dumać
dupa;dupa
dupina;dupina
duplo;dupło
dupľa;dziupla
dura;dziura
duriti;durzyć
durьnъ;durny
duša;dusza
dušiti;dusić
duti;duć
duxati;duchać
duxъ;duch
duxъna;duchna
dužь;duży
dъbati;dbać
dъlgъ;dług
dъlžьnъ;dłużny
dъmuxati;dmuchać
dъněprъ;dniepr
dъno;dno
dъska;deska
dъťi;córa
dъva;dwa
dъxnǫti;tchnąć
dъxorь;tchórz
dъxъ;dech
dъždžь;deszcz
dvigati;dźwigać
dvignǫti;dźwignąć
dvьrь;drzwi
dvorъ;dwór
dybati;dybać
dymъ;dym
dyňa;dynia
dyšati;dyszeć
dyxati;dychać
edinakъ;jedynak
edinъ;jeden
edlь;jodła
edlъka;jodełka
elenь;jeleń
emela;jemioła
esetь;jesieć
esetrъ;jesiotr
ešče;jeszcze
ezero;jezioro
eževъ;jeżowy
ežica;jeżyca
ežikъ;jeżyk
ežina;jeżyna
ežiti;jeżyć
ežь;eż
ežь;jeż
ědivo;jedziwo
ědlo;jadło
ědъ;jad
ědъkъ;jedki
ěnъ;iany
ěrina;jarzyna
ěrьcь;jarzec
ěsnъ;jasny
ěsti;jeść
ěstva;jastew
ěto;jato
ězda;jazda
ězditi;jeździć
ězъ;jaz
ę;ę
ęčati;jęczeć
ędro;jądro
ęga;jędza
ękati;jąkać
ęti;jąć
ętry;jątrew
ęzykъ;język
ga;ga
gabati;gabać
gadati;gadać
gadъ;gad
gajь;gaj
galiti;galić
galǫzь;gałąź
gasiti;gasić
gasnǫti;gasnąć
gatati;gatać
gatiti;gacić
gaťę;gacie
gavědь;gawiedź
gavornъ;gawron
gladiti;gładzić
gladъkъ;gładki
glazikъ;głazik
glazьnъ;głaźny
glazъ;głaz
glazъkъ;głazek
gleznъ;głozn
glěnь;glon
ględati;glądać
ględěti;ględzić
glina;glina
glistъ;glista
gliva;gliwa
glьjь;glej
globa;głoba
globiti;głobić
glogъ;głóg
glǫbina;głębina
glǫbokъ;głęboki
glumiti;głumić
glumъ;głum
glupavъ;głupawy
glupostь;głupość
glupъ;głupi
glušьcь;głuszec
gluxnǫti;głuchnąć
gluxъ;głuchy
glъtati;glutać
glъxnǫti;głuchnąć
gnesti;gnieść
gnědъ;gniady
gnětiti;niecić
gněvъ;gniew
gnězdo;gniazdo
gňida;gnida
gňilъ;gniły
gňiti;gnić
gnobiti;gnębić
gnojь;gnój
gnusiti;gnusić
gnusьnъ;gnuśny
gnusъ;gnus
godina;godzina
goditi;godzić
godьnъ;godny
godъ;god
gogolь;gągoł
gojiti;goić
goldьnъ;głodny
goldъ;głód
golěmъ;golemy
golěnь;goleń
golgolъ;głogoły
golota;gołota
golǫbь;gołąb
golǫbъ;gołębi
golsъ;głos
golъ;goły
golva;głowa
golvačь;głowacz
golvьňa;głownia
golvьnъ;główny
gomola;gomóła
goniti;gonić
gonъ;gon
gora;góra
gorazdъ;gorazdy
gorditi;grodzić
gordъ;gród
gorďa;grodza
gorďaninъ;grodzianin
gorďь;grodź
gorěti;gorzeć
gorьčica;gorczyca
gorьkъ;gorzki
gornostajь;gronostaj
gorxъ;groch
goře;gorze
gořьjь;gorszy
gospoda;gospoda
gospodařь;gospodarz
gospodь;gospód
gospoďa;gospodza
gosti;gościa
gostislavъ;gościsław
gostь;gość
gotovъ;gotowy
govьno;gówno
govoriti;gaworzyć
gǫba;gęba
gǫsь;gęś
gǫsli;gęśle
gǫstěti;gęścieć
gǫsti;gąść
gǫstъ;gęsty
gǫzъ;guz
grabiti;grabić
grabrъ;grab
gradъ;grad
grakati;grakać
grakъ;grak
granica;granica
granь;grań
greby;grzebień
greti;grzebać
grěšiti;grzeszyć
grěšьnъ;grzeszny
grěti;grzać
grěxъ;grzech
gręda;grzęda
gręznǫti;grzęznąć
gręzti;grząźć
gribъ;grzyb
griva;grzywa
grivьna;grzywna
grьměti;grzmieć
grobъ;grób
gromada;gromada
gromъ;grom
grotъ;grot
groxotъ;grochot
groza;groza
groziti;grozić
grozьnъ;groźny
grǫbъ;gruby
grǫdь;grędź
grǫziti;grążyć
grǫzъ;grąz
gruda;grąd
gruditi;grudzić
grupa;grupa
gruzъ;gruz
grъtanь;krtań
gryzti;gryźć
gubiti;gubić
gumьno;gumno
gъbnǫti;giąć
gъdьliti;gidlić
gъlkъ;zgiełk
gъnati;gnać
gъpanъ;pan
gъrbatъ;garbaty
gъrbъ;garb
gъrdlo;gardło
gъrstь;garść
gvězda;gwiazda
gvozdь;gwóźdź
gvozdъ;gozd
gybati;gibać
gybъkъ;gibki
gynǫti;ginąć
gyža;gira
i;i
ica;ica
ikъ;ik
ina;ina
inъ;iny
isko;isko
iskrьňь;skierny
išče;iszcze
iťь;ic
ivo;iwo
ьba;ba
ьca;ca
ьce;ce
ьcь;ec
ьje;e
ьjь;i
ьnъ;ny
ьskъ;ski
ьstvo;stwo
jako;jak
jakъ;jaki
jalovъ;jałowy
jama;jama
jamo;jamo
jarь;jarz
jaro;jaro
jaroslavъ;jarosław
jarъ;jary
jasli;jasła
jazъ;ja
jazva;jaźwa
jebati;jebać
jedъva;ledwo
jegъda;jegdy
jesenь;jesień
jevinъ;jewnia
jěti;jał
jěxati;jechać
jęčьmy;jęczmień
jistъ;ist
jь;i
jь;je
jьgo;igo
jьgra;gra
jьgračь;gracz
jьgrati;grać
jьgrьcь;igrzec
jьgъla;igła
jьkriti;ikrzyć
jьlъ;ił
jьmati;imać
jьmenovati;mianować
jьměti;mieć
jьmę;imię
jьnako;inaczej
jьnogъda;inegdy
jьnъ;inny
jьnъde;indziej
jьskati;iskać
jьskra;jaskra
jьskriti;iskrzyć
jьstъba;izba
jьti;iść
jьva;iwa
jьverъ;wiór
jьvьlga;wilga
jьz;z
jьzbyti;zbyć
jьzęslavъ;izasław
jьzuti;zuć
jugъ;jug
junьcь;juniec
junoxъ;junoch
junъ;junak
juxa;jucha
juže;już
kadidlьnica;kadzielnica
kadidlo;kadzidło
kaditi;kadzić
kadь;kadź
kajati;kajać
kakati;kakać
kako;kako
kakъ;kaki
kalina;kalina
kaliti;kalić
kalъ;kał
kamo;kamo
kamy;kamień
kaňa;kania
kapati;kapać
kara;kara
karasь;karaś
karati;karać
kasati;kasać
kaša;kasza
kašьľati;kaszleć
kašьľь;kaszel
kati;kać
kavъka;kawka
kazati;kazać
kaziti;kazić
kaznь;kaźń
klamati;kłamać
klasti;kłaść
klenь;kleń
klenъ;klon
klepati;klepać
klěšča;kleszcze
klětь;kleć
klětъka;klatka
klęčati;klęczeć
klęti;kląć
klętva;klątwa
klinъ;klin
kloniti;kłonić
klonъ;kłon
klǫbъ;kłąb
kľučiti;kluczyć
kľučь;klucz
kľuka;kluka
kľusę;klusię
kľuti;klwać
kobьcь;kobiec
kobyla;kobyła
kogъda;kiedy
kojiti;koić
kokošь;kokosz
kokotъ;kogut
kolačь;kołacz
kolda;kłoda
kolěja;kolej
kolěno;kolano
kolęda;kolęda
koliko;kilka
kolo;koło
kolovortъ;kołowrót
kolovozъ;kołowoz
kolsъ;kłos
kolti;kłuć
koltiti;kłócić
koltъ;kłota
kolъ;kół
komarъ;komar
komaxa;komasy
komoňь;komonik
komъ;kom
konьcь;koniec
konьčьnъ;konieczny
konьnica;konnica
konьnъ;konny
koňь;koń
konopь;konop
konotopъ;konotop
kopa;kopa
kopanь;kopań
kopati;kopać
kopiti;kopić
kopьje;kopia
kopriva;pokrzywa
koprъ;koper
kopъtь;kopeć
kopyto;kopyto
kopytъnikъ;kopytnik
kora;kora
korabľь;korab
korbъ;kroba
korda;króda
korgujь;krogulec
koristь;korzyść
koriti;korzyć
korьcь;korzec
korkъ;krok
korľь;król
korsta;krosta
korstělь;chruściel
kortъ;kroć
kortъkъ;krótki
korva;krowa
kory;korzeń
koryto;koryto
kosa;kosa
kosatъ;kosaty
kositi;kosić
kosmъ;kosm
kostь;kość
kosъ;kos
košь;kosz
košuľa;koszula
kotiti;kocić
kotьcь;kojec
kotьlikъ;kotlik
kotьlъ;kocioł
kotorъ;który
kotъ;kot
kotъka;kotka
koty;kotwica
kovaľь;kowal
kovati;kować
koxati;kochać
koza;koza
kozьlъ;kozioł
koža;koża
kǫda;kędy
kǫdělь;kądziel
kǫdrь;kędzior
kǫkoľь;kąkol
kǫpati;kąpać
kǫpělь;kąpiel
kǫpina;kępina
kǫsati;kąsać
kǫsъ;kusy
kǫtъ;kąt
kǫťa;kuczka
krajina;kraina
krajь;kraj
krakati;krakać
krasa;krasa
krasiti;krasić
krasьnъ;krasny
krasti;kraść
kremy;krzemień
kresidlo;krzesidło
krěpiti;krzepić
krěpъkъ;krzepki
krěslo;krzesło
krěxъkъ;krzechki
krękъ;skrzek
krętati;krzątać
kričati;krzyczeć
kridlo;skrzydło
krikъ;krzyk
krivьda;krzywda
krivъ;krzywy
krьstiti;chrzcić
krьstъ;chrzest
krojiti;kroić
kroma;kroma
kropiti;kropić
krosno;krosno
krošňa;krosznia
krotiti;krócić
krotъkъ;krotki
krǫglъ;krągły
krǫgъ;krąg
krǫpъ;krępawy
krǫtiti;kręcić
krǫtъ;kręty
krǫžiti;krążyć
krukъ;kruk
krupa;krupy
krupьnъ;krupny
kruša;grusza
krušiti;kruszyć
kruxъ;kruch
krъšiti;krszyć
krъtъ;kret
krъvavъ;krwawy
krъvьnъ;krewny
krъxa;krech
kry;krew
kryti;kryć
kucъ;kuc
kuča;kusza
kuditi;kudzić
kudo;kudyś
kukati;kukać
kulikъ;kulik
kuna;kuna
kupiti;kupić
kuprъ;kuper
kura;kura
kurica;kurzyca
kuriti;kurzyć
kurьcь;kurzec
kuropъty;kuropatwa
kurъ;kur
kury;kurwa
kusiti;kusić
kušati;kuszać
kuznь;kuźnia
kъde;gdzie
kъduňa;gdula
kъjь;ki
kъlbasa;kiełbasa
kъlbь;kiełb
kъlpь;kiełp
kъlъ;kieł
kъn;ku
kъnędzь;ksiądz
kъňiga;księga
kъrčiti;kurczyć
kъrčьma;karczma
kъrčьmařь;karczmarz
kъrdo;kierda
kъrkъ;kark
kъrma;karma
kъrmiti;karmić
kъrnъ;kierny
kъrsъ;chaśny
kъrtiti;karcić
kъrzьno;kuśnierz
kъřь;kierz
kъto;kto
kvasъ;kwas
květъ;kwiat
kviliti;kwilić
kvisti;kwiść
kydati;kidać
kydnǫti;kinąć
kyjь;kij
kyla;kiła
kypěti;kipieć
kysati;kisać
kysělъ;kisiały
kyslъ;kisły
kysnǫti;kisnąć
kystь;kiść
kyšьka;kiszka
kyta;kita
kyvati;kiwać
kyxati;kichać
lada;łada
ladъ;ład
lajati;łajać
lasica;łasica
laska;łaska
laskati;głaskać
lasъ;łasy
lava;ława
laziti;łazić
lazivo;łaziwo
ledъ;lód
lemešь;lemiesz
letěti;lecieć
leťi;lec
ležati;leżeć
lěkъ;lek
lěnivъ;leniwy
lěnь;leń
lěnъ;leny
lěpidlo;lepidło
lěpiti;lepić
lěpъ;lep
lěska;laska
lěsъ;las
lěto;lato
lěvъ;lewy
lěxa;lecha
lězti;leźć
lęděninъ;lędzianie
lędo;lędo
lędvьje;lędźwie
lękati;lękać
lice;lico
ličiti;liczyć
lijь;lej
likъ;lik
liňati;linić
linǫti;lunąć
linъ;lin
lipa;lipa
lipъkъ;lipki
lisica;lisica
listъ;liść
lisъ;liszka
lišajь;liszaj
lišiti;liszyć
lišьka;liszka
liti;lać
lixъ;lichy
lixva;lichwa
lizati;lizać
lьgъkъ;lekki
lьnǫti;lgnąć
lьnъ;len
lьstь;leść
lьvъ;lew
loboda;łoboda
lobozgъ;łobozg
lojь;łój
lokati;łokać
lomiti;łomić
lomъ;łom
lono;łono
lopata;łopata
lopěnъ;łopian
lososь;łosoś
loťika;łoczyga
loviti;łowić
lovitva;łowitwa
lovьcь;łowiec
lovъ;łów
loza;łoza
lože;łoże
ložiti;łożyć
ložьmъ;łóżma
lǫčiti;łączyć
lǫčьje;łącze
lǫgъ;łęg
lǫka;łąka
lǫkъ;łęk
lubъ;łub
lučiti;łuczyć
lučь;łucz
luditi;łudzić
lukъ;łuk
luna;łun
lupiti;łupić
luska;łuska
luskati;łuskać
luskъ;łusk
luščiti;łuszczyć
luža;łuża
lъbъ;łeb
lъgati;łgać
lъskъ;łysk
lъžь;łeż
lyko;łyko
lysъ;łysy
lysъka;łyska
lyžьka;łyżka
ľubiti;lubić
ľubъ;luby
ľudьje;ludzie
ľudъ;lud
ľutъ;luty
makъ;mak
malina;malina
malъ;mały
mamiti;mamić
mana;man
marěna;marzanna
maslěnъ;maślany
maslo;masło
mastь;maść
mati;mać
maťexa;macoch
maxati;machać
mazati;mazać
mazь;maź
medovina;miodowina
medъ;miód
medvědь;niedźwiedź
meďa;miedza
meďu;między
melivo;mieliwo
melko;mleko
melti;mleć
meltva;młóćba
melzivo;młodziwo
merti;mrzeć
merža;mrzeża
mesti;mieść
metati;miotać
metъla;miotła
mědь;miedź
mělь;miał
mělъkъ;miałki
měna;miana
měniti;mienić
měra;miara
měriti;mierzyć
měsęcь;miesiąc
měsiti;miesić
město;miasto
mětiti;miecić
měxъ;miech
měxyrь;mecherz
mězga;miazga
mę;mię
męknǫti;mięknąć
mękъkъ;miękki
mękyna;miękina
męso;mięso
męta;mięta
męti;miąć
migati;migać
migъ;mig
mijati;mijać
milostь;miłość
milъ;miły
mimo;mimo
minovati;minować
minǫti;minąć
miroslavъ;mirosław
mirъ;mir
misa;misa
misъka;miska
mьčь;miecz
mьgla;mgła
mьlčati;milczeć
mьlknǫti;milknąć
mьněti;mnieć
mьňьjь;mniejszy
mьrknǫti;mierzchnąć
mьrtvъ;martwy
mьrzěti;mierzieć
mьrziti;mierzić
mьrznǫti;marznąć
mьstislavъ;mścisław
mьstiti;mścić
mьstivojь;mściwoj
mьstivujь;mściwuj
mьstь;msta
mьzda;mzda
mьžuriti;mrużyć
mlinъ;mlin
moča;mocz
močiti;moczyć
modla;modła
modliti;modlić
modlitva;modlitwa
modrъ;modry
mogyla;mogiła
mojь;mój
mokošь;mokosz
mokrъ;mokry
moldenьcь;młodzieniec
moldežь;młodzież
moldostь;młodość
moldъ;młody
moltiti;młócić
molto;młóto
moltъ;młot
moľь;mól
mora;mora
morčiti;mroczyć
moriti;morzyć
morkъ;mrok
morъ;mór
morvъ;mrówka
morzъ;mróz
moře;morze
mosędzь;mosiądz
mostъ;most
mošьna;moszna
motati;motać
motyka;motyka
motyľь;motyl
moťi;móc
moťь;moc
mozgъ;mózg
mǫčiti;męczyć
mǫdo;mądа
mǫdrьcь;mędrzec
mǫdrostь;mądrość
mǫdrъ;mądry
mǫka;męka
mǫtiti;mącić
mǫžь;mąż
mǫžьskъ;męski
muditi;mudzić
muxa;mucha
mъdьlь;mdły
mъknǫti;mknąć
mъlva;mowa
mъlviti;mówić
mъnogъ;mnogi
mъrdati;merdać
mъrgati;mrugać
mъrky;marchew
mъrščiti;marszczyć
mъšica;mszyca
mъxъ;mech
my;my
mydlo;mydło
myslěti;myśleć
mysliti;myśleć
myslь;myśl
mysľati;myślać
myšь;mysz
mytělь;myciel
myti;myć
myto;myto
na;na
načęti;nacząć
nadъ;nad
naglъ;nagły
nagorda;nagroda
nagъ;nagi
najьti;najść
napisati;napisać
napitъkъ;napitek
napьrstъkъ;naparstek
narěčьje;narzecze
narodъ;naród
naskakati;naskakać
nastrojь;nastrój
našь;nasz
natь;nać
nauka;nauka
navykъ;nawyk
ne;nie
nebesьskъ;niebieski
nebo;niebo
nebogъ;niebogi
nebojь;niebój
neděľa;niedziela
nenavistь;nienawiść
nerstъ;nerest
nestera;nieściora
nesti;nieść
netьjь;nieć
netopyřь;nietoperz
nevěsta;niewiasta
něga;niega
němьcь;niemiec
němьčьskъ;niemiecki
němъ;niemy
nětu;niet
ni;ni
ničьto;nic
niknǫti;niknąć
nikъde;nigdzie
nikъto;nikt
niščь;niszczotny
nitь;nić
nizati;nizać
nizina;nizina
nizъkъ;niski
nižьjь;niższy
nьje;nie
ňiva;niwa
ňuxati;niuchać
noga;noga
nogъtь;nogieć
nora;nora
noriti;norzyć
norvъ;narów
nosačь;nosacz
nositi;nosić
nosъ;nos
noťь;noc
novakъ;nowak
novějь;nowszy
novъ;nowy
nozdra;nozdrze
nožь;nóż
nuditi;nudzić
nuďa;nędza
nuriti;nurzyć
nъťьvy;niecki
nyně;ninie
nyti;nyć
o;o
ob;o
obrokъ;orok
oba;oba
obaditi;obwadzić
obědъ;obiad
oběťati;obiecać
obьlъ;obły
obьťь;obcy
obolkъ;obłok
obora;obora
obrazъ;obraz
obrędъ;obrzęd
obrokъ;obrok
obrǫčь;obręcz
obrusъ;obrus
obrъtь;obryć
osada;osada
osadъ;osad
osoka;osoka
otekъ;ociek
otokъ;otok
obuti;obuć
obuvati;obuwać
obuvь;obuwie
obvida;obida
obyčajь;obyczaj
ocьtъ;ocet
odeďa;odziedza
odolěnъ;odolan
odolěti;podołać
ogarь;ogar
ogňišče;ogniszcze
ogňь;ogień
ogъ;og
oje;oje
oko;oko
okolo;około
okovъ;okowy
okunevъ;okuniowy
okunь;okoń
okъno;okno
olbǫdь;łabędź
olčьnъ;łaczny
oldi;łódź
olějь;olej
olkati;łaknąć
olkomъ;łakomy
olkъtь;łokieć
olnę;łanię
olni;łania
olovo;ołów
olsь;łoś
omanъ;oman
oměgъ;omieg
onamo;onam
onuťa;onuca
onъ;on
opica;opica
oporęditi;oporządzić
orati;orać
orba;roba
orbę;robię
orbiti;robić
orbota;robota
orbotędzь;robociądz
ordlo;radło
orěxъ;orzech
orьlъ;orzeł
orkyta;rokita
orlьja;rola
ormę;ramię
orǫdьje;orędzie
orǫga;oręż
orǫžьje;oręże
orsti;róść
orstiti;rościć
orstъ;rost
ortajь;rataj
orvьnina;równina
orvьnъ;równy
orz;roz
orzьnъ;różny
orzkošь;rozkosz
orzkrǫtiti;rozkręcić
orzličьnъ;rozliczny
orzuměti;rozumieć
orzumъ;rozum
oržьnъ;rożen
osa;osa
osь;oś
osla;osła
osьlъ;osioł
oskъrdъ;oskard
osmь;osiem
osmъ;ósmy
osnova;osnowa
osoba;osoba
ostь;ość
ostь;ość
ostьnъ;oścień
ostroga;ostroga
ostrovъ;ostrów
ostrъ;ostry
osъpa;ospa
osъtъ;oset
ota;ota
otava;otawa
otьcь;ojciec
otrokъ;otrok
otrǫba;otręby
otъ;od
otъskakati;odskakać
otъverti;odewrzeć
otъvoriti;otworzyć
oťьtnǫti;ocknąć
oťutiti;cucić
ova;owo
ovadъ;owad
ovamo;owam
ovati;ować
ovьca;owca
ovьnъ;owien
ovьsъ;owies
ovo;owo
ovoťe;owoc
ovъ;ów
ovъ;ów
ovъde;ówdzie
oxota;ochota
ǫda;węda
ǫdica;wędzica
ǫditi;wędzić
ǫdolь;wądół
ǫdъka;wędka
ǫgľь;węgiel
ǫgorь;węgorz
ǫgrъ;wągier
ǫgъlъ;węgieł
ǫgъrinъ;węgier
ǫkotь;łękotka
ǫpyrь;wąpierz
ǫsěnica;gąsienica
ǫsъ;wąs
ǫtьlъ;wątły
ǫtorъ;wątor
ǫtroba;wątroba
ǫtъkъ;wątek
ǫvozъ;wąwóz
ǫxati;wąchać
ǫziti;wężyć
ǫzlъ;węzeł
ǫzъkъ;wąski
ǫžь;wąż
pa;pa
padati;padać
padežь;padzież
pakostь;pakość
palica;palica
paliti;palić
palьcь;palec
pamętati;pamiętać
pamętь;pamięć
paorbъ;parób
paorbъkъ;parobek
paǫčina;pajęczyna
paǫkъ;pająk
paǫzъ;pawąz
paportь;paproć
para;para
pariti;parzyć
pasěka;pasieka
pasti;paść
pastь;paszcza
pastuxъ;pastuch
pastyrь;pasterz
patriti;patrzeć
pavъ;paw
paxati;pachać
paxnǫti;pachnąć
pazduxa;pazucha
pazurъ;pazur
pazъ;paz
pečara;pieczarka
pečatь;pieczęć
pečěra;pieczarka
pečivo;pieczywo
pelena;pielucha
pelnъ;plon
pelti;pleć
pelva;plewa
pepelъ;popiół
per;prze
per;prze
perčiti;przeczyć
perdati;sprzedać
perdьnъ;przedni
perdъ;przed
perdъkъ;przodek
perina;pierzyna
perkъ;przeko
pero;pióro
perpelъ;przepiórka
persky;brzoskiew
perti;przeć
perunъ;piorun
perunъ;piorun
perz;przez
petьlъ;pętla
peťera;pieczara
peťi;piec
peťь;piec
pěga;piega
pěna;piana
pěnędzь;pieniądz
pěsnь;pieśń
pěstъ;piasta
pěsъčьnъ;piaseczny
pěsъkъ;piasek
pěšь;pieszy
pěti;piać
pěvati;śpiewać
pěxota;piechota
pędь;piędź
pędlo;piądło
pęstь;pięść
pęta;pięta
pęti;piąć
pętь;pięć
pętьno;piętno
pętъ;piąty
pętъkъ;piątek
pila;piła
pilьnъ;pilny
pisьmo;pismo
piskati;piskać
piskořь;piskorz
piščalь;piszczel
piti;pić
piťa;pica
pivo;piwo
pizda;pizda
pьjavъka;pijawka
pьkъlo;piekło
pьkъlъ;piekło
pьlnъ;pełny
pьlstь;pilść
pьlxъ;pilch
pьlzati;pełzać
pьňь;pień
pьpьrь;pieprz
pьrati;prać
pьrděti;pierdzieć
pьrěti;przeć
pьrga;pierzga
pьrsь;pierś
pьrstь;pierść
pьrstъ;parst
pьrsty;pierścień
pьrtь;pierć
pьrvъ;pierwy
pьrxъ;parch
pьsati;pisać
pьstrъ;pstry
pьsъ;pies
pьšenica;pszenica
pьšeno;pszono
pьxati;pchać
pьzděti;bździć
plačь;płacz
plakati;płakać
plastъ;płast
platiti;płacić
plavati;pławać
plaviti;pławić
plemę;plemię
plesti;pleść
pleťe;plecy
plěna;plana
plěsnь;pleśń
plěšь;plesz
plęsati;pląsać
pliska;pliszka
plodъ;płód
ploskъ;płaski
plotъ;płot
plugъ;pług
pluťe;płuco
plъtь;płeć
plъtъ;płet
plynǫti;płynąć
plyti;pływać
pľьvati;pluć
pľugavъ;plugawy
po;po
počivati;odpoczywać
podьlъ;podły
podobьnъ;podobny
podušьka;poduszka
podъ;pod
podъbělъ;podbiał
podъkova;podkowa
pojasъ;pas
pojiti;poić
pokojь;pokój
polěno;polano
polica;polica
polkati;płukać
polmy;płomień
polnina;płonina
polnъ;płonny
polsa;płosa
polšiti;płoszyć
poltьno;płótno
polъ;pół
polvъ;płowy
polxъ;płochy
polzъ;płóz
poľana;polana
poľaninъ;polanin
poľe;pole
pomoťь;pomoc
ponedělъkъ;poniedziałek
pora;pora
porędъkъ;porządek
porgъ;próg
porkъ;prok
pormъ;prom
pormy;promień
porporъ;proporzec
porsę;prosię
porti;pruć
porťa;proca
porxъ;proch
porxъno;próchno
porzdьnъ;próżny
posagъ;posag
posteľь;pościel
postъ;post
posъlati;posłać
posъlъ;poseł
posylati;posyłać
potьběga;poćbiega
potokъ;potok
potomъkъ;potomek
potopъ;potop
potъ;pot
povorzъ;powróz
pozdьnъ;późny
pozorъ;pozór
požarъ;pożar
pǫditi;pędzić
pǫpъ;pęp
pǫtati;pętać
pǫtь;pąć
pǫtьnikъ;pątnik
pǫto;pęto
pǫxyrь;pęcherz
pragnǫti;pragnąć
praščurъ;praszczur
pravidlo;prawidło
praviti;prawić
pravьda;PRAWDA
pravъ;prawy
pražiti;prażyć
prěsnъ;przaśny
prędivo;przędziwo
pręďa;przędza
pręslo;przęsło
pręsti;prząść
prętati;sprzątać
pri;przy
pričina;przyczyna
prijateľь;przyjaciel
prijati;sprzyjać
prijaznь;przyjaźń
prijьti;przyjść
prikrъ;przykry
prisęga;przysięga
pritъča;przytcza
prokъnъ;prokny
prorokъ;prorok
prositi;prosić
proso;proso
prosterti;prostrzeć
prostiti;prościć
prostorъ;przestwór
prostъ;prosty
protivьnъ;przeciwny
protivъ;przeciw
prǫdъ;prąd
prǫga;pręga
prǫgъ;pręg
prǫtъ;pręt
prǫžina;sprężyna
pryskati;pryskać
pustiti;puścić
pustъ;pusty
pustyni;pustynia
puxati;puchać
puxlъ;pulchny
puxnǫti;puchnąć
puxъ;puch
puzdro;puzdro
pъlkъ;pełk
pъrtiti;parcieć
pъvati;pwać
pyrь;perz
pytati;pytać
račiti;raczyć
raditi;radzić
radostь;radość
radostьnъ;radosny
radъ;rad
rajь;raj
rakъ;rak
rana;rana
raniti;ranić
ranъ;rano
rarogъ;raróg
raziti;razić
razъ;raz
rebro;żebro
redьky;rzodkiew
regti;rzega
remeslo;rzemiosło
remy;rzemień
rešeto;rzeszoto
retędzь;wrzeciądz
reťi;rzec
rěčь;rzecz
rědъkъ;rzadki
rěka;rzeka
rěpa;rzepa
rěpьjь;rzep
rěšiti;rozgrzeszyć
rězati;rzezać
rězьba;rzeźba
rězъ;rzaz
rězъkъ;rześki
rězvъ;rzeźwy
ręditi;rządzić
rędъ;rządny
ręsa;rzęsa
rimъ;rzym
ritь;rzyć
rьtǫtь;rtęć
rьvьnivъ;rzewniwy
rodina;rodzina
roditi;rodzić
rodъ;ród
rogačь;rogacz
rogozъ;rogozie
rogъ;róg
rojь;rój
rokъ;rok
roniti;ronić
rosa;rosa
rota;rota
rovъ;rów
rozga;rózga
rǫbežь;rąbież
rǫbiti;rąbać
rǫbъ;rąb
rǫgati;rągać
rǫka;ręka
rǫkavъ;rękaw
ručajь;ruczaj
ruda;ruda
rudъ;rudy
ruměnъ;rumiany
runo;runo
rusъ;rusy
rušiti;ruszyć
ruxъ;ruch
rъděti;rdzieć
rъďa;rdza
rъďavъ;rdzawy
rъtъ;ret
rъvati;rwać
rъžь;reż
ryba;ryba
rybařь;rybarz
rydlo;rydel
ryďь;rydz
rygati;rzygać
rysь;ryś
ryti;ryć
ryxlъ;rychły
řuti;rzuć
řutiti;rzucić
sabľa;szabla
saditi;sadzić
sadlo;sadło
sadъ;sad
saďa;sadza
samъ;sam
sanь;sanie
sčemiti;szczmić
sedliti;siedlić
sedmь;siedem
sedmъ;siódmy
sedъlo;siodło
sekyra;siekiera
selьskъ;sielski
selo;sioło
selzenь;śledziona
serda;środa
serdьnъ;średni
sernъ;szron
sestra;siostra
sěděti;siedzieć
sědlo;siadło
sěmę;siemię
sěmo;siam
sěnь;sień
sěno;siano
sěra;siarka
sěsti;siąść
sěti;siać
sětь;sieć
sěťi;siec
sěverъ;siewiór
sę;się
sęgati;sięgać
sęgnǫti;sięgnąć
sęknǫti;siąknąć
sęťi;przysiąc
sidlo;sidło
sikati;sikać
sila;siła
silьnъ;silny
sinica;sinica
siňь;siny
sirota;sierota
sito;sito
sitъ;sit
sivъ;siwy
sь;siego
sьcati;szczać
sьčava;szczaw
sьrati;srać
sьrbati;siorbać
sьrditi;sierdzić
sьrdьce;serce
sьrdьčьnъ;serdeczny
sьrebro;srebro
sьrna;sarna
sьrpъ;sierp
sьrstь;sierść
sьrxy;szerszeń
skakati;skakać
skala;skała
skarędъ;szkaradny
skoba;skobel
skobľь;skobel
skočiti;skoczyć
skokъ;skok
skopiti;skopić
skora;skóra
skormъ;skrom
skornь;skroń
skorъ;skory
skotъ;skot
skovorda;skowroda
skovornъ;skowron
skǫpъ;skąpy
skripěti;skrzypieć
skubati;skubać
skuti;skuść
skъrbь;skarb
skvara;skwar
skvьrčěti;ćwierczeć
skvьrna;skwarna
skvorьcь;skorzec
slabъ;słaby
slava;sława
slavьnъ;sławny
slědъ;ślad
slěpьcь;ślepiec
slěpъ;ślepy
slimakъ;ślimak
slina;ślina
sliva;śliwa
slizь;śliz
slizъkъ;śliski
slьza;śloza
slo;sło
sloniti;słonić
slonъ;słoń
slota;słota
slověninъ;słowianin
slověnьskъ;słowiański
slovo;słowo
slǫka;słonka
sluga;sługa
slušati;słuszać
sluti;słynąć
sluxъ;słuch
sluzь;śluz
služiti;służyć
služьba;służba
slyšati;słyszeć
smaga;smaga
smaliti;smalić
smažiti;smażyć
smerkъ;świerk
směati;śmiać
smědъ;śmiady
směšьnъ;śmieszny
směxъ;śmiech
smьjati;śmiać
smьrděti;śmierdzieć
smokъ;smok
smoky;smokwa
smola;smoła
smordъ;smród
smuga;smuga
mъlžь;małż
smykati;smykać
sněgъ;śnieg
snopъ;snop
snubiti;snębić
snuti;snuć
snъxa;snecha
sočiti;soczyć
soja;sоjа
sojьka;sójka
sokolъ;sokół
sokъ;sok
soldъ;słód
soldъkъ;słodki
solďьjь;słodszy
soliti;solić
solь;sól
solma;słoma
solnina;słonina
solnъ;słony
solvьjь;słowik
somъ;sum
sorka;sroka
sormъ;srom
soršiti;stroszyć
sosna;sosna
sova;sowa
sovati;suwać
soxa;socha
sǫ;są
sǫbota;sobota
sǫčiti;sączyć
sǫdakъ;sandacz
sǫdi;sędzia
sǫditi;sądzić
sǫdъ;sąd
sǫka;suka
sǫkъ;sęk
sǫmorkъ;zmrok
sǫpiti;sępić
sǫpъ;sęp
sǫsědъ;sąsiad
spěšiti;śpieszyć
spěti;śpiać
spěxъ;śpiech
sporъ;spory
stado;stado
stajati;stawać
stanъ;stan
starati;starać
starějь;starzej
starьcь;starzec
starostь;starość
starъ;stary
stati;stać
stavati;stawać
staviti;stawić
stavъ;staw
stegno;ścięgno
sterťi;strzec
stěna;ściana
stigati;ścigać
stignǫti;ścignąć
stьblo;źdźbło
stьbľь;żbik
stьdza;śćdza
stьgna;ściegna
stьklęnъ;szklany
stьklo;szkło
stьlati;słać
stьrnь;ścierń
stьrvь;ścierw
stьžьka;ścieżka
stogъ;stóg
stojati;stać
stolъ;stół
stopa;stopa
storbiti;strobić
storna;strona
storža;straż
storžь;stróż
stožěrъ;stożek
stǫpa;stępa
stradati;stradać
strašidlo;straszydło
strašiti;straszyć
strašьnъ;straszny
straxъ;strach
stremę;strzemię
strěla;strzała
strěxa;strzecha
striťi;strzyc
strьnadъ;trznadel
strьžьnь;rdzeń
strogъ;srogi
strojiti;stroić
strojь;strój
stroka;stroka
stromъ;strom
stropъ;strop
strǫga;strąga
strǫkъ;strąk
struga;struga
strugati;strugać
strugъ;strug
strumy;strumień
struna;struna
strupъ;strup
strъjь;stryj
strybogъ;strzybóg
studiti;studzić
studъ;ostuda
stukъ;stuk
stъlbъ;słup
stъpica;szpica
stъrčati;sterczeć
stydnǫti;stygnąć
stydъ;wstyd
sudlica;sulica
sukati;sukać
sukno;sukno
sunǫti;sunąć
surovъ;surowy
suša;susza
sušiti;suszyć
suti;sukać
suxъ;suchy
sъborъ;zbór
sъbožьje;zboże
sъčęstьje;szczęście
sъdoba;zdoba
sъdorvьje;zdrowie
sъdorvъ;zdrowy
sъkromьnъ;skromny
sъlati;słać
sъlnьce;słońce
sъlojь;słój
sъľubъ;ślub
sъmetana;śmietana
sъmetь;śmieć
sъmělъ;śmiały
sъměti;śmieć
sъmьrtь;śmierć
sъn;z
sъnъ;sen
sъpati;spać
sъporъ;spór
sъrěsti;śrześć
sъsati;ssać
sъsьlъ;suseł
sъto;sto
sъtrava;strawa
sъvariti;zwarzyć
sъvarogъ;swaróg
sъvorьnь;sworzeń
sъxnǫti;schnąć
svariti;swarzyć
svarъ;swar
svatьba;swadźba
svatъ;swat
svekrъ;świekier
svekry;świekra
sverěpъ;świerzop
světiti;świecić
světьlъ;światły
světъ;świat
svěťa;świeca
svěžь;świeży
svętъ;święty
svidъ;świd
svinьja;świnia
svinъ;świni
svьrběti;świerzbieć
svьrčь;świerszcz
svьrdьlъ;świder
svoboda;swoboda
svojь;swój
svorbъ;świerzb
sykora;sikora
synъ;syn
sypati;sypać
syrovatъka;serwatka
syrъ;ser
sytъ;syty
šata;szata
ščedrъ;szczodry
ščeka;szczęka
ščelina;szczelina
ščenę;szczenię
ščigъlъ;szczygieł
ščirъ;szczyr
ščitъ;szczyt
ščьvati;szczuć
ščuka;szczuka
ščupati;szczupać
ščuplъ;szczupły
ščurъ;szczur
šelmъ;szłom
šestь;sześć
šestъ;szósty
šibenica;szubienica
šibъkъ;szybki
šidlo;szydło
šija;szyja
šipъ;szyp
širь;szerz
širokъ;szeroki
šišьka;szyszka
šiti;szyć
šivačь;szwacz
šьpъtati;szeptać
šьpъtъ;szept
šьvьcь;szewc
šьvъ;szew
šulo;szuło
šumъ;szum
šurь;szurza
śědъ;szady
śěpati;siepać
śěrъ;szary
tajati;tajać
tajiti;taić
tajьnъ;tajny
tako;tak
takъ;taki
tamo;tam
tata;tata
tati;tać
tekъ;ciek
telę;cielę
telťi;tłuc
teľь;ciel
teplъ;ciepły
terba;trzeba
terbiti;trzebić
terti;trzeć
terzvъ;trzeźwy
tesati;ciosać
tesla;ciosła
tesъ;cios
teta;ciocia
tetervь;cietrzew
teti;ciepać
teťi;ciec
tělo;ciało
těmę;ciemię
těnь;cień
těsnъ;ciasny
těsto;ciasto
těšiti;cieszyć
tęgati;tachać
tęgnǫti;ciągnąć
tępati;ciapać
tęti;ciąć
tętiva;cięciwa
tęžiti;ciążyć
tęžьkъ;ciężki
ti;ć
tiskati;ciskać
tisъ;cis
tišina;ciszyna
tixъ;cichy
tьje;cie
tьlěti;tleć
tьlo;tło
tьma;ćma
tьmьnica;ciemnica
tьmьnъ;ciemny
tьnъkъ;cienki
tьrnьje;tarnie
tьrnъ;cierń
tьrpěti;cierpieć
tьrpъkъ;cierpki
tьstь;teść
točiti;toczyć
togъda;tedy
tokъ;tok
toliko;tylko
toliti;tulić
tolkъno;tłukno
topiti;topić
topolь;topola
toporъ;topór
torkъ;trok
torъ;tor
tovarъ;towar
tǫča;tęcza
tǫda;tędy
tǫga;tęga
tǫgъ;tęgi
tǫpъ;tępy
tǫxlъ;stęchły
tǫžiti;tężyć
tratiti;tracić
trava;trawa
traviti;trawić
trepati;trzepać
tretь;trzeci
trěska;trzaska
trěskati;trzaskać
trěskъ;trzask
trěščati;trzeszczeć
tręsti;trząść
trigolvъ;trzygłów
trimati;trzymać
trьbuxъ;trybuch
trьje;trzy
trьstь;treść
trьvoga;trwoga
troska;troska
trošiti;troszyć
trǫba;trąba
trǫdъ;trąd
trǫtiti;trącić
trǫtъ;trąd
trudьnъ;trudny
trudъ;trud
trupъ;trup
truti;truć
truxlъ;truchły
trъvati;trwać
tu;tu
tučьnъ;tuczny
tukъ;tuk
tuliti;tulić
tuňь;tani
tupati;tupać
turъ;tur
tušiti;tuszyć
tъ;ten
tъjьdьnь;tydzień
tъkačь;tkacz
tъkati;tkać
tъlmačiti;tłumaczyć
tъlmačь;tłumacz
tъlpa;tłum
tъlstъ;tłusty
tъrgati;targać
tъrgъ;targ
tъščь;czczy
tva;twa
tvarь;twarz
tvarogъ;twaróg
tvьrdь;twierdza
tvьrdъ;twardy
tvojь;twój
tvoriti;tworzyć
tvorьcь;tworzec
tvorъ;twór
ty;ty
tyky;tykwa
tylъ;tył
tynъ;tyn
tysǫti;tysiąc
tyti;tyć
ťi;c
ťuďь;cudzy
u;u
ubogъ;ubogi
učiti;uczyć
udъ;ud
ujь;wuj
uklěja;ukleja
ukrajina;ukraina
ulica;ulica
ulьjь;ul
uměti;umieć
umъ;um
upъvati;ufać
uroďajь;urodzaj
urokъ;urok
usta;usta
ustьje;ujście
usъnǫti;usnąć
ušьnъ;uszny
utro;jutro
uxo;ucho
uzda;uzda
ъka;ka
ъkъ;ek
vabiti;wabić
vada;wada
vaditi;wadzić
valъ;wał
vapьno;wapno
variti;warzyć
varъ;war
vasnь;waśń
vašь;wasz
večerъ;wieczór
vedro;wiodro
velěti;wielić
velikъ;wielki
velьblǫdъ;wielbłąd
velьjь;wiele
velьmi;wielmi
velьrybъ;wieloryb
velťi;wlec
veprь;wieprz
verdъ;wrzód
vermę;wrzemię
verskъ;wrzask
versъ;wrzos
verščati;wrzeszczeć
verteno;wrzeciono
verti;wrzeć
veselъ;wesoły
veslo;wiosło
vesna;wiosna
vesti;wieść
vetъxъ;wiotki
veťь;wiec
vezti;wieźć
vě;wa
věčьnostь;wieczność
věčьnъ;wieczny
věděti;wiedzieć
vědьma;wiedźma
vědro;wiadro
věďa;wiedza
vějati;wiać
věko;wieko
věkъ;wiek
věnьcь;wieniec
věno;wiano
věra;wiara
věriti;wierzyć
věrьnъ;wierny
věstь;wieść
věščь;wieszcz
věščьba;wieszczba
větrъ;powietrze
větvь;wiećw
věťati;wiecać
věťe;wiec
věverica;wiewierzyca
věxa;wiecha
věža;wieża
vędnǫti;więdnąć
vęťeslavъ;więcesław
vęťьjь;większy
vęzati;wiązać
vęzti;wiąźć
vęzъ;wiąz
viděti;widzieć
vidla;widły
vidъ;wid
vila;wiła
vina;wina
viniti;winić
vino;wino
vinogordъ;winograd
virъ;wir
visěti;wisieć
višьňa;wiśnia
vitati;witać
vitędzь;wiciądz
viti;wić
vitь;wić
vixъrъ;wicher
vьčera;wczoraj
vьdova;wdowa
vьlgnǫti;wilgnąć
vьlgъkъ;wilgi
vьlkolakъ;wilkołak
vьlkъ;wilk
vьlna;wełna
vьrba;wierzba
vьrěti;wrzeć
vьrgati;wierzgać
vьrgnǫti;wierzgnąć
vьrsta;warstwa
vьrša;wiersza
vьrtěti;wiercić
vьrtъ;wart
vьrxъ;wierch
vьsь;wieś
vьśako;wszak
vьśegъda;wżdy
vьśь;wszystek
vьśьde;wszędzie
vьśǫdu;wszędy
voda;woda
voditi;wodzić
vodьnikъ;wodnik
voďь;wódz
vojevati;wojować
vojevoda;wojewoda
vojь;woj
vojьna;wojna
volčiti;włóczyć
volděti;władać
voldiměrъ;włodzimierz
voliti;woleć
volьnъ;wolny
volkъ;włok
volkъno;włókno
volstь;włość
volsъ;włos
volšьskъ;wołoski
volъ;wół
volxъ;włoch
voľa;wola
voňati;wonieć
voňь;woń
vorbьľь;wróbel
vorgъ;wróg
vorna;wrona
vorta;wrota
vortičь;wrotycz
vortiti;wrócić
voržьda;wróżda
voskъ;wosk
voziti;wozić
vozъ;wóz
vъ;wy
vъn;w
vъnǫtrь;wnątrz
vъnǫtrьnъ;wewnętrzny
vъnukъ;wnuk
vъnъ;wen
vъrčati;warczeć
vъšь;wesz
vъtorъ;wtóry
vъtorъkъ;wtorek
vъz;wz
vъz;wez
vъzęti;wziąć
vy;wy
vy;wy
vydra;wydra
vyknǫti;wyknąć
vymę;wymię
vysь;wyż
vysokъ;wysoki
vyšьjь;wyższy
vyti;wyć
vyzъ;wyz
xa;cha
xala;chała
xapati;chapać
xata;chata
xlěbьnica;chlebnica
xlěbьnikъ;chlebnik
xlěbьnъ;chlebny
xlěbovъ;chlebowy
xlěbъ;chleb
xlěvъ;chlew
xlǫdъ;chłąd
xmara;chmara
xobotъ;chobot
xoditi;chodzić
xodъ;chód
xolditi;chłodzić
xoldьnъ;chłodny
xoldъ;chłód
xolpъ;chłop
xoměkъ;chomik
xomǫtъ;chomąto
xopiti;chopić
xorbrostь;chrobrość
xorbrъ;chrobry
xormъ;chrom
xorna;charna
xorniti;chronić
xorǫgy;chorągiew
xotěti;chcieć
xovati;chować
xoxolъ;chochoł
xoxotati;chichotać
xǫtь;chęć
xrěnъ;chrzan
xręščь;chrząszcz
xrьbьtъ;grzbiet
xrobakъ;robak
xromъ;chromy
xrǫščь;chrząszcz
xudъ;chudy
xujevъ;chujowy
xujь;chuj
xujьňa;chujnia
xъ;ch
xъlmъ;chełm
xъmeľь;chmiel
xъrsъ;kars
xъrtъ;chart
xъrvatъ;chorwat
xvala;chwała
xvaliti;chwalić
xvatati;chwatać
xvěti;chwiać
xvoja;chwoja
xvojica;choica
xvojina;choina
xvojьka;chojka
xvojьnъ;chojnik
xvorstъ;chrust
xvorъ;chory
xvostъ;chwost
xybati;chybać
xytrostь;chytrość
xytrъ;chytry
yni;yni
za;za
zabava;zabawa
zabavьnъ;zabawny
zabyti;zabyć
zaduxъ;zaduch
zadъ;zad
zajęcь;zając
zakonъ;zakon
zamъkъ;zamek
zanovětь;żarnowiec
zapadъ;zapad
zapovědь;zapowiedź
zapъrtъkъ;zapartek
zaraza;zaraza
zautrъkъ;zajutrek
zavada;zawada
zaverti;zawrzeć
zavistь;zawiść
zelenъ;zielony
zelьje;ziele
zemľa;ziemia
zěnica;źrenica
zěpati;zipać
zěvati;ziewać
zębnǫti;ziębnąć
zętь;zięć
zijati;ziać
zima;zima
zinǫti;zionąć
zьlčь;żółć
zьrcadlo;zwierciadło
zьrěti;źrzeć
zьrno;ziarno
zmьja;żmija
zmьjь;żmij
znakъ;znak
znamę;znamię
znati;znać
znojь;znój
zobati;dziobać
zobь;dziób
zola;zoła
zolto;złoto
zorkъ;wzrok
zořa;zorza
zǫbъ;ząb
zъloba;złoba
zъlodějь;złodziej
zъlъ;zły
zъly;zełw
zъvati;zwać
zveno;dzwono
zvěrę;zwierzę
zvěrь;zwierz
zvękъ;dźwięk
zvьněti;wznieć
zvoniti;dzwonić
zvonъ;dzwon
žaba;żaba
žaliti;żalić
žalь;żal
žariti;żarzyć
žarъ;żar
že;że
želbъ;żłód
želdь;żłódź
želdъ;żłód
želěti;żeleć
želězo;żelazo
želǫdь;żołądź
želǫdъkъ;żołądek
želpati;żłopać
žely;żółw
želza;zołza
žena;żona
ženixъ;żenich
ženьskъ;żeński
ženъka;żonka
žeravľь;żuraw
žeravъ;żuraw
žerbę;źrebię
žerbъ;źrzeb
žerdlo;źródło
žerti;żreć
žeťi;żec
žędati;żądać
žędьnъ;żądny
žędlo;żądło
žęďa;żądza
žęti;żąć
židъ;żyd
židъkъ;żydki
žila;żyła
žiroslavъ;żyrosław
žiti;żyć
žito;żyto
živica;żywica
živostь;żywość
životъ;żywot
živъ;żywy
žiznь;żyzny
žьbirъ;zberki
žьdati;żdać
žьlna;żołna
žьltъ;żółty
žьrdь;żerdź
žьrьcь;żerca
žьrny;żarna
žьrtva;żertwa
žьvati;żuć
žukъ;żuk
žuriti;żurzyć
žuti;żuć
žužeľь;żużel
